region,report_date,year,month,population,pct_developed,pct_agriculture,pct_forest,water_use,scenario
Central Coast,2026-01-01,2026,1,1152611.4461271612,0.0552739928465291,0.0664752544738724,0.1332288109065082,3041692700.0,Baseline
Central Coast,2026-01-01,2026,1,1152611.4461271612,0.0552739928465291,0.0664752544738724,0.1332288109065082,3135464200.0,Severe Drought
Central Coast,2026-01-01,2026,1,1152611.4461271612,0.0552739928465291,0.0664752544738724,0.1332288109065082,2893653200.0,Wet Year
Central Coast,2026-01-01,2026,1,1158301.1144835572,0.0552739928465291,0.0664752544738724,0.1332288109065082,3122209800.0,Climate Change
Central Coast,2026-01-01,2026,1,1154514.217536267,0.0643907278625483,0.0700561864597299,0.1399580716185012,3543526000.0,Urbanization
Central Coast,2026-02-01,2026,2,1153585.2585633954,0.0552739928465291,0.0664752544738724,0.1332288109065082,2915653400.0,Baseline
Central Coast,2026-02-01,2026,2,1153585.2585633954,0.0552739928465291,0.0664752544738724,0.1332288109065082,2993119500.0,Severe Drought
Central Coast,2026-02-01,2026,2,1153585.2585633954,0.0552739928465291,0.0664752544738724,0.1332288109065082,2778392000.0,Wet Year
Central Coast,2026-02-01,2026,2,1160731.1641552115,0.0552739928465291,0.0664752544738724,0.1332288109065082,2994375700.0,Climate Change
Central Coast,2026-02-01,2026,2,1155974.0378669794,0.0643907278625483,0.0700561864597299,0.1399580716185012,3321845000.0,Urbanization
Central Coast,2026-03-01,2026,3,1154465.5382380495,0.0552739928465291,0.0664752544738724,0.1332288109065082,3278357200.0,Baseline
Central Coast,2026-03-01,2026,3,1154465.5382380495,0.0552739928465291,0.0664752544738724,0.1332288109065082,3381075500.0,Severe Drought
Central Coast,2026-03-01,2026,3,1154465.5382380495,0.0552739928465291,0.0664752544738724,0.1332288109065082,3035694000.0,Wet Year
Central Coast,2026-03-01,2026,3,1162930.4293637518,0.0552739928465291,0.0664752544738724,0.1332288109065082,3366795500.0,Climate Change
Central Coast,2026-03-01,2026,3,1157294.1717566338,0.0643907278625483,0.0700561864597299,0.1399580716185012,3640179500.0,Urbanization
Central Coast,2026-04-01,2026,4,1155440.9171500998,0.0552739928465291,0.0664752544738724,0.1332288109065082,3783975200.0,Baseline
Central Coast,2026-04-01,2026,4,1155440.9171500998,0.0552739928465291,0.0664752544738724,0.1332288109065082,4011582200.0,Severe Drought
Central Coast,2026-04-01,2026,4,1155440.9171500998,0.0552739928465291,0.0664752544738724,0.1332288109065082,3589319000.0,Wet Year
Central Coast,2026-04-01,2026,4,1165370.1910739806,0.0552739928465291,0.0664752544738724,0.1332288109065082,3981366000.0,Climate Change
Central Coast,2026-04-01,2026,4,1158757.5071880072,0.0643907278625483,0.0700561864597299,0.1399580716185012,4399781400.0,Urbanization
Central Coast,2026-05-01,2026,5,1156385.6168465265,0.0552739928465291,0.0664752544738724,0.1332288109065082,4585925600.0,Baseline
Central Coast,2026-05-01,2026,5,1156385.6168465265,0.0552739928465291,0.0664752544738724,0.1332288109065082,4632466400.0,Severe Drought
Central Coast,2026-05-01,2026,5,1156385.6168465265,0.0552739928465291,0.0664752544738724,0.1332288109065082,4379035000.0,Wet Year
Central Coast,2026-05-01,2026,5,1167736.1241592583,0.0552739928465291,0.0664752544738724,0.1332288109065082,4641744400.0,Climate Change
Central Coast,2026-05-01,2026,5,1160175.3999662832,0.0643907278625483,0.0700561864597299,0.1399580716185012,5370743000.0,Urbanization
Central Coast,2026-06-01,2026,6,1157362.6179847256,0.0552739928465291,0.0664752544738724,0.1332288109065082,5149451000.0,Baseline
Central Coast,2026-06-01,2026,6,1157362.6179847256,0.0552739928465291,0.0664752544738724,0.1332288109065082,5293006300.0,Severe Drought
Central Coast,2026-06-01,2026,6,1157362.6179847256,0.0552739928465291,0.0664752544738724,0.1332288109065082,4909734000.0,Wet Year
Central Coast,2026-06-01,2026,6,1170185.9679430637,0.0552739928465291,0.0664752544738724,0.1332288109065082,5275560000.0,Climate Change
Central Coast,2026-06-01,2026,6,1161642.37855376,0.0641938121049877,0.0701059634140751,0.1411699935264892,6063810600.0,Urbanization
Central Coast,2026-07-01,2026,7,1158308.8888823865,0.0552739928465291,0.0664752544738724,0.1332288109065082,5478541300.0,Baseline
Central Coast,2026-07-01,2026,7,1158308.8888823865,0.0552739928465291,0.0664752544738724,0.1332288109065082,5708812000.0,Severe Drought
Central Coast,2026-07-01,2026,7,1158308.8888823865,0.0552739928465291,0.0664752544738724,0.1332288109065082,5376328000.0,Wet Year
Central Coast,2026-07-01,2026,7,1172561.6780124388,0.0552739928465291,0.0664752544738724,0.1332288109065082,5699085300.0,Climate Change
Central Coast,2026-07-01,2026,7,1163063.8013529854,0.0641938121049877,0.0701059634140751,0.1411699935264892,6549456000.0,Urbanization
Central Coast,2026-08-01,2026,8,1159287.514944781,0.0552739928465291,0.0664752544738724,0.1332288109065082,5649689600.0,Baseline
Central Coast,2026-08-01,2026,8,1159287.514944781,0.0552739928465291,0.0664752544738724,0.1332288109065082,5715653600.0,Severe Drought
Central Coast,2026-08-01,2026,8,1159287.514944781,0.0552739928465291,0.0664752544738724,0.1332288109065082,5428892000.0,Wet Year
Central Coast,2026-08-01,2026,8,1175021.6455329908,0.0552739928465291,0.0664752544738724,0.1332288109065082,5717485600.0,Climate Change
Central Coast,2026-08-01,2026,8,1164534.432166657,0.0641938121049877,0.0701059634140751,0.1411699935264892,6713114600.0,Urbanization
Central Coast,2026-09-01,2026,9,1160266.9678237347,0.0552739928465291,0.0664752544738724,0.1332288109065082,5111853600.0,Baseline
Central Coast,2026-09-01,2026,9,1160266.9678237347,0.0552739928465291,0.0664752544738724,0.1332288109065082,5142776300.0,Severe Drought
Central Coast,2026-09-01,2026,9,1160266.9678237347,0.0552739928465291,0.0664752544738724,0.1332288109065082,4928856000.0,Wet Year
Central Coast,2026-09-01,2026,9,1177486.773925091,0.0552739928465291,0.0664752544738724,0.1332288109065082,5115199000.0,Climate Change
Central Coast,2026-09-01,2026,9,1166006.922512873,0.0641938121049877,0.0701059634140751,0.1411699935264892,6257251300.0,Urbanization
Central Coast,2026-10-01,2026,10,1161215.6133459832,0.0552739928465291,0.0664752544738724,0.1332288109065082,4404710000.0,Baseline
Central Coast,2026-10-01,2026,10,1161215.6133459832,0.0552739928465291,0.0664752544738724,0.1332288109065082,4548875300.0,Severe Drought
Central Coast,2026-10-01,2026,10,1161215.6133459832,0.0552739928465291,0.0664752544738724,0.1332288109065082,4080674000.0,Wet Year
Central Coast,2026-10-01,2026,10,1179877.3060815197,0.0552739928465291,0.0664752544738724,0.1332288109065082,4545501000.0,Climate Change
Central Coast,2026-10-01,2026,10,1167433.6859077984,0.0639997230767289,0.0703820228822555,0.1417836591014429,5591361000.0,Urbanization
Central Coast,2026-11-01,2026,11,1162196.6952268071,0.0552739928465291,0.0664752544738724,0.1332288109065082,3607981800.0,Baseline
Central Coast,2026-11-01,2026,11,1162196.6952268071,0.0552739928465291,0.0664752544738724,0.1332288109065082,3873849900.0,Severe Drought
Central Coast,2026-11-01,2026,11,1162196.6952268071,0.0552739928465291,0.0664752544738724,0.1332288109065082,3304454100.0,Wet Year
Central Coast,2026-11-01,2026,11,1182352.621372496,0.0552739928465291,0.0664752544738724,0.1332288109065082,3855164400.0,Climate Change
Central Coast,2026-11-01,2026,11,1168909.8422024203,0.0639997230767289,0.0703820228822555,0.1417836591014429,4806797300.0,Urbanization
Central Coast,2026-12-01,2026,12,1163146.91851289,0.0552739928465291,0.0664752544738724,0.1332288109065082,3027841300.0,Baseline
Central Coast,2026-12-01,2026,12,1163146.91851289,0.0552739928465291,0.0664752544738724,0.1332288109065082,3189375500.0,Severe Drought
Central Coast,2026-12-01,2026,12,1163146.91851289,0.0552739928465291,0.0664752544738724,0.1332288109065082,2830112300.0,Wet Year
Central Coast,2026-12-01,2026,12,1184753.0321662473,0.0552739928465291,0.0664752544738724,0.1332288109065082,3175384300.0,Climate Change
Central Coast,2026-12-01,2026,12,1170340.1577028015,0.0639997230767289,0.0703820228822555,0.1417836591014429,4048370000.0,Urbanization
Colorado River,2026-01-01,2026,1,650366.9634863915,0.0240747784105803,0.0509213327051866,0.0048326789516159,2158838000.0,Baseline
Colorado River,2026-01-01,2026,1,650366.9634863915,0.0240747784105803,0.0509213327051866,0.0048326789516159,2333361400.0,Severe Drought
Colorado River,2026-01-01,2026,1,650366.9634863915,0.0240747784105803,0.0509213327051866,0.0048326789516159,2057562800.0,Wet Year
Colorado River,2026-01-01,2026,1,653577.3882523671,0.0240747784105803,0.0509213327051866,0.0048326789516159,2256629000.0,Climate Change
Colorado River,2026-01-01,2026,1,651440.6120847171,0.0273632819984497,0.063989590491178,0.006742416739079,2102856100.0,Urbanization
Colorado River,2026-02-01,2026,2,650916.4421847742,0.0240747784105803,0.0509213327051866,0.0048326789516159,2148363500.0,Baseline
Colorado River,2026-02-01,2026,2,650916.4421847742,0.0240747784105803,0.0509213327051866,0.0048326789516159,2376108300.0,Severe Drought
Colorado River,2026-02-01,2026,2,650916.4421847742,0.0240747784105803,0.0509213327051866,0.0048326789516159,2058716800.0,Wet Year
Colorado River,2026-02-01,2026,2,654948.5563345386,0.0240747784105803,0.0509213327051866,0.0048326789516159,2251032000.0,Climate Change
Colorado River,2026-02-01,2026,2,652264.3232485367,0.0273632819984497,0.063989590491178,0.006742416739079,2057233200.0,Urbanization
Colorado River,2026-03-01,2026,3,651413.1445391951,0.0240747784105803,0.0509213327051866,0.0048326789516159,2226076000.0,Baseline
Colorado River,2026-03-01,2026,3,651413.1445391951,0.0240747784105803,0.0509213327051866,0.0048326789516159,2491294700.0,Severe Drought
Colorado River,2026-03-01,2026,3,651413.1445391951,0.0240747784105803,0.0509213327051866,0.0048326789516159,2220800300.0,Wet Year
Colorado River,2026-03-01,2026,3,656189.5030910415,0.0240747784105803,0.0509213327051866,0.0048326789516159,2339471000.0,Climate Change
Colorado River,2026-03-01,2026,3,653009.2156162942,0.0273632819984497,0.063989590491178,0.006742416739079,2176650000.0,Urbanization
Colorado River,2026-04-01,2026,4,651963.5071296502,0.0240747784105803,0.0509213327051866,0.0048326789516159,2408652000.0,Baseline
Colorado River,2026-04-01,2026,4,651963.5071296502,0.0240747784105803,0.0509213327051866,0.0048326789516159,2598950000.0,Severe Drought
Colorado River,2026-04-01,2026,4,651963.5071296502,0.0240747784105803,0.0509213327051866,0.0048326789516159,2372508200.0,Wet Year
Colorado River,2026-04-01,2026,4,657566.151241156,0.0240747784105803,0.0509213327051866,0.0048326789516159,2535411200.0,Climate Change
Colorado River,2026-04-01,2026,4,653834.9101938227,0.0273632819984497,0.063989590491178,0.006742416739079,2348193000.0,Urbanization
Colorado River,2026-05-01,2026,5,652496.5588141845,0.0240747784105803,0.0509213327051866,0.0048326789516159,2693012500.0,Baseline
Colorado River,2026-05-01,2026,5,652496.5588141845,0.0240747784105803,0.0509213327051866,0.0048326789516159,2886905600.0,Severe Drought
Colorado River,2026-05-01,2026,5,652496.5588141845,0.0240747784105803,0.0509213327051866,0.0048326789516159,2625951700.0,Wet Year
Colorado River,2026-05-01,2026,5,658901.1412082037,0.0240747784105803,0.0509213327051866,0.0048326789516159,2781425000.0,Climate Change
Colorado River,2026-05-01,2026,5,654634.9635195597,0.0273632819984497,0.063989590491178,0.006742416739079,2610640100.0,Urbanization
Colorado River,2026-06-01,2026,6,653047.8367541254,0.0240747784105803,0.0509213327051866,0.0048326789516159,2931540200.0,Baseline
Colorado River,2026-06-01,2026,6,653047.8367541254,0.0240747784105803,0.0509213327051866,0.0048326789516159,3261685500.0,Severe Drought
Colorado River,2026-06-01,2026,6,653047.8367541254,0.0240747784105803,0.0509213327051866,0.0048326789516159,2916576500.0,Wet Year
Colorado River,2026-06-01,2026,6,660283.4782204232,0.0240747784105803,0.0509213327051866,0.0048326789516159,2936823300.0,Climate Change
Colorado River,2026-06-01,2026,6,655462.7137667419,0.0272465998047431,0.0640682286693344,0.0068675864664098,2870116400.0,Urbanization
Colorado River,2026-07-01,2026,7,653581.7749970738,0.0240747784105803,0.0509213327051866,0.0048326789516159,3327577600.0,Baseline
Colorado River,2026-07-01,2026,7,653581.7749970738,0.0240747784105803,0.0509213327051866,0.0048326789516159,3360219600.0,Severe Drought
Colorado River,2026-07-01,2026,7,653581.7749970738,0.0240747784105803,0.0509213327051866,0.0048326789516159,3182381300.0,Wet Year
Colorado River,2026-07-01,2026,7,661623.984901261,0.0240747784105803,0.0509213327051866,0.0048326789516159,3334178600.0,Climate Change
Colorado River,2026-07-01,2026,7,656264.7589250377,0.0272465998047431,0.0640682286693344,0.0068675864664098,3006525400.0,Urbanization
Colorado River,2026-08-01,2026,8,654133.9698088872,0.0240747784105803,0.0509213327051866,0.0048326789516159,3110470700.0,Baseline
Colorado River,2026-08-01,2026,8,654133.9698088872,0.0240747784105803,0.0509213327051866,0.0048326789516159,3212190000.0,Severe Drought
Colorado River,2026-08-01,2026,8,654133.9698088872,0.0240747784105803,0.0509213327051866,0.0048326789516159,3010703000.0,Wet Year
Colorado River,2026-08-01,2026,8,663012.0342842445,0.0240747784105803,0.0509213327051866,0.0048326789516159,3126763000.0,Climate Change
Colorado River,2026-08-01,2026,8,657094.5699597197,0.0272465998047431,0.0640682286693344,0.0068675864664098,3035833000.0,Urbanization
Colorado River,2026-09-01,2026,9,654686.6311562159,0.0240747784105803,0.0509213327051866,0.0048326789516159,3018333000.0,Baseline
Colorado River,2026-09-01,2026,9,654686.6311562159,0.0240747784105803,0.0509213327051866,0.0048326789516159,3071876000.0,Severe Drought
Colorado River,2026-09-01,2026,9,654686.6311562159,0.0240747784105803,0.0509213327051866,0.0048326789516159,2966396200.0,Wet Year
Colorado River,2026-09-01,2026,9,664402.9957156627,0.0240747784105803,0.0509213327051866,0.0048326789516159,3058721300.0,Climate Change
Colorado River,2026-09-01,2026,9,657925.4302452473,0.0272465998047431,0.0640682286693344,0.0068675864664098,2936683300.0,Urbanization
Colorado River,2026-10-01,2026,10,655221.9092933564,0.0240747784105803,0.0509213327051866,0.0048326789516159,2672657000.0,Baseline
Colorado River,2026-10-01,2026,10,655221.9092933564,0.0240747784105803,0.0509213327051866,0.0048326789516159,2706436900.0,Severe Drought
Colorado River,2026-10-01,2026,10,655221.9092933564,0.0240747784105803,0.0509213327051866,0.0048326789516159,2605476600.0,Wet Year
Colorado River,2026-10-01,2026,10,665751.8658356996,0.0240747784105803,0.0509213327051866,0.0048326789516159,2692021500.0,Climate Change
Colorado River,2026-10-01,2026,10,658730.4888622591,0.0270972239603837,0.064140093651566,0.0069459881776241,2541080300.0,Urbanization
Colorado River,2026-11-01,2026,11,655775.4898134067,0.0240747784105803,0.0509213327051866,0.0048326789516159,2263893200.0,Baseline
Colorado River,2026-11-01,2026,11,655775.4898134067,0.0240747784105803,0.0509213327051866,0.0048326789516159,2280274400.0,Severe Drought
Colorado River,2026-11-01,2026,11,655775.4898134067,0.0240747784105803,0.0509213327051866,0.0048326789516159,2188272400.0,Wet Year
Colorado River,2026-11-01,2026,11,667148.5752774398,0.0240747784105803,0.0509213327051866,0.0048326789516159,2279222300.0,Climate Change
Colorado River,2026-11-01,2026,11,659563.417678115,0.0270972239603837,0.064140093651566,0.0069459881776241,2183094500.0,Urbanization
Colorado River,2026-12-01,2026,12,656311.6582119423,0.0240747784105803,0.0509213327051866,0.0048326789516159,1828596600.0,Baseline
Colorado River,2026-12-01,2026,12,656311.6582119423,0.0240747784105803,0.0509213327051866,0.0048326789516159,1972724400.0,Severe Drought
Colorado River,2026-12-01,2026,12,656311.6582119423,0.0240747784105803,0.0509213327051866,0.0048326789516159,1749394400.0,Wet Year
Colorado River,2026-12-01,2026,12,668503.019469624,0.0240747784105803,0.0509213327051866,0.0048326789516159,1928132900.0,Climate Change
Colorado River,2026-12-01,2026,12,660370.4805889825,0.0270972239603837,0.064140093651566,0.0069459881776241,1768551200.0,Urbanization
North Coast,2026-01-01,2026,1,402666.0744543712,0.0347027203158983,0.0262772534589575,0.486835845776624,894134100.0,Baseline
North Coast,2026-01-01,2026,1,402666.0744543712,0.0347027203158983,0.0262772534589575,0.486835845776624,884374700.0,Severe Drought
North Coast,2026-01-01,2026,1,402666.0744543712,0.0347027203158983,0.0262772534589575,0.486835845776624,904282240.0,Wet Year
North Coast,2026-01-01,2026,1,404653.7663428347,0.0347027203158983,0.0262772534589575,0.486835845776624,908219840.0,Climate Change
North Coast,2026-01-01,2026,1,403330.8097356864,0.0408882639928636,0.027916788972808,0.5433012210534041,896988350.0,Urbanization
North Coast,2026-02-01,2026,2,403006.2768983698,0.0347027203158983,0.0262772534589575,0.486835845776624,851215360.0,Baseline
North Coast,2026-02-01,2026,2,403006.2768983698,0.0347027203158983,0.0262772534589575,0.486835845776624,852011300.0,Severe Drought
North Coast,2026-02-01,2026,2,403006.2768983698,0.0347027203158983,0.0262772534589575,0.486835845776624,863384100.0,Wet Year
North Coast,2026-02-01,2026,2,405502.7068642064,0.0347027203158983,0.0262772534589575,0.486835845776624,874940400.0,Climate Change
North Coast,2026-02-01,2026,2,403840.7995713346,0.0408882639928636,0.027916788972808,0.5433012210534041,855094800.0,Urbanization
North Coast,2026-03-01,2026,3,403313.8035693968,0.0347027203158983,0.0262772534589575,0.486835845776624,912616600.0,Baseline
North Coast,2026-03-01,2026,3,403313.8035693968,0.0347027203158983,0.0262772534589575,0.486835845776624,929544800.0,Severe Drought
North Coast,2026-03-01,2026,3,403313.8035693968,0.0347027203158983,0.0262772534589575,0.486835845776624,919725200.0,Wet Year
North Coast,2026-03-01,2026,3,406271.0225799513,0.0347027203158983,0.0262772534589575,0.486835845776624,962087600.0,Climate Change
North Coast,2026-03-01,2026,3,404301.9897954014,0.0408882639928636,0.027916788972808,0.5433012210534041,938965950.0,Urbanization
North Coast,2026-04-01,2026,4,403654.553263442,0.0347027203158983,0.0262772534589575,0.486835845776624,984673700.0,Baseline
North Coast,2026-04-01,2026,4,403654.553263442,0.0347027203158983,0.0262772534589575,0.486835845776624,1041088500.0,Severe Drought
North Coast,2026-04-01,2026,4,403654.553263442,0.0347027203158983,0.0262772534589575,0.486835845776624,924590300.0,Wet Year
North Coast,2026-04-01,2026,4,407123.3560126644,0.0347027203158983,0.0262772534589575,0.486835845776624,1042036100.0,Climate Change
North Coast,2026-04-01,2026,4,404813.2076353257,0.0408882639928636,0.027916788972808,0.5433012210534041,1012558800.0,Urbanization
North Coast,2026-05-01,2026,5,403984.5851398184,0.0347027203158983,0.0262772534589575,0.486835845776624,1165768100.0,Baseline
North Coast,2026-05-01,2026,5,403984.5851398184,0.0347027203158983,0.0262772534589575,0.486835845776624,1256698100.0,Severe Drought
North Coast,2026-05-01,2026,5,403984.5851398184,0.0347027203158983,0.0262772534589575,0.486835845776624,1175693700.0,Wet Year
North Coast,2026-05-01,2026,5,407949.8973341752,0.0347027203158983,0.0262772534589575,0.486835845776624,1237557100.0,Climate Change
North Coast,2026-05-01,2026,5,405308.5500344872,0.0408882639928636,0.027916788972808,0.5433012210534041,1213123000.0,Urbanization
North Coast,2026-06-01,2026,6,404325.9015603502,0.0347027203158983,0.0262772534589575,0.486835845776624,1416078700.0,Baseline
North Coast,2026-06-01,2026,6,404325.9015603502,0.0347027203158983,0.0262772534589575,0.486835845776624,1446158300.0,Severe Drought
North Coast,2026-06-01,2026,6,404325.9015603502,0.0347027203158983,0.0262772534589575,0.486835845776624,1392121000.0,Wet Year
North Coast,2026-06-01,2026,6,408805.7529503639,0.0347027203158983,0.0262772534589575,0.486835845776624,1440913300.0,Climate Change
North Coast,2026-06-01,2026,6,405821.0406149969,0.040865959784717,0.0279742218965883,0.5476907521034219,1442643000.0,Urbanization
North Coast,2026-07-01,2026,7,404656.4823376033,0.0347027203158983,0.0262772534589575,0.486835845776624,1585930000.0,Baseline
North Coast,2026-07-01,2026,7,404656.4823376033,0.0347027203158983,0.0262772534589575,0.486835845776624,1611368700.0,Severe Drought
North Coast,2026-07-01,2026,7,404656.4823376033,0.0347027203158983,0.0262772534589575,0.486835845776624,1551809200.0,Wet Year
North Coast,2026-07-01,2026,7,409635.7098720059,0.0347027203158983,0.0262772534589575,0.486835845776624,1613635500.0,Climate Change
North Coast,2026-07-01,2026,7,406317.6162308536,0.040865959784717,0.0279742218965883,0.5476907521034219,1639850100.0,Urbanization
North Coast,2026-08-01,2026,8,404998.3664271872,0.0347027203158983,0.0262772534589575,0.486835845776624,1528307300.0,Baseline
North Coast,2026-08-01,2026,8,404998.3664271872,0.0347027203158983,0.0262772534589575,0.486835845776624,1550250100.0,Severe Drought
North Coast,2026-08-01,2026,8,404998.3664271872,0.0347027203158983,0.0262772534589575,0.486835845776624,1511084000.0,Wet Year
North Coast,2026-08-01,2026,8,410495.1022267445,0.0347027203158983,0.0262772534589575,0.486835845776624,1546189800.0,Climate Change
North Coast,2026-08-01,2026,8,406831.3827205952,0.040865959784717,0.0279742218965883,0.5476907521034219,1543234600.0,Urbanization
North Coast,2026-09-01,2026,9,405340.539366044,0.0347027203158983,0.0262772534589575,0.486835845776624,1432997900.0,Baseline
North Coast,2026-09-01,2026,9,405340.539366044,0.0347027203158983,0.0262772534589575,0.486835845776624,1454853800.0,Severe Drought
North Coast,2026-09-01,2026,9,405340.539366044,0.0347027203158983,0.0262772534589575,0.486835845776624,1417589400.0,Wet Year
North Coast,2026-09-01,2026,9,411356.2975376258,0.0347027203158983,0.0262772534589575,0.486835845776624,1446964000.0,Climate Change
North Coast,2026-09-01,2026,9,407345.7988400734,0.040865959784717,0.0279742218965883,0.5476907521034219,1451835000.0,Urbanization
North Coast,2026-10-01,2026,10,405671.9497210044,0.0347027203158983,0.0262772534589575,0.486835845776624,1301183200.0,Baseline
North Coast,2026-10-01,2026,10,405671.9497210044,0.0347027203158983,0.0262772534589575,0.486835845776624,1339272300.0,Severe Drought
North Coast,2026-10-01,2026,10,405671.9497210044,0.0347027203158983,0.0262772534589575,0.486835845776624,1238565400.0,Wet Year
North Coast,2026-10-01,2026,10,412191.4325716571,0.0347027203158983,0.0262772534589575,0.486835845776624,1334150300.0,Climate Change
North Coast,2026-10-01,2026,10,407844.2401989026,0.0407952957306841,0.0280776866757557,0.5522809833871949,1346924300.0,Urbanization
North Coast,2026-11-01,2026,11,406014.6917534535,0.0347027203158983,0.0262772534589575,0.486835845776624,939399400.0,Baseline
North Coast,2026-11-01,2026,11,406014.6917534535,0.0347027203158983,0.0262772534589575,0.486835845776624,1057243260.0,Severe Drought
North Coast,2026-11-01,2026,11,406014.6917534535,0.0347027203158983,0.0262772534589575,0.486835845776624,934896830.0,Wet Year
North Coast,2026-11-01,2026,11,413056.1866868477,0.0347027203158983,0.0262772534589575,0.486835845776624,1054458050.0,Climate Change
North Coast,2026-11-01,2026,11,408359.93702148215,0.0407952957306841,0.0280776866757557,0.5522809833871949,1025145400.0,Urbanization
North Coast,2026-12-01,2026,12,406346.65330194216,0.0347027203158983,0.0262772534589575,0.486835845776624,935403400.0,Baseline
North Coast,2026-12-01,2026,12,406346.65330194216,0.0347027203158983,0.0262772534589575,0.486835845776624,948672500.0,Severe Drought
North Coast,2026-12-01,2026,12,406346.65330194216,0.0347027203158983,0.0262772534589575,0.486835845776624,950926140.0,Wet Year
North Coast,2026-12-01,2026,12,413894.7728336758,0.0347027203158983,0.0262772534589575,0.486835845776624,954462200.0,Climate Change
North Coast,2026-12-01,2026,12,408859.6193122533,0.0407952957306841,0.0280776866757557,0.5522809833871949,983388000.0,Urbanization
North Lahontan,2026-01-01,2026,1,51863.08537767149,0.0233795846049225,0.0270747583739237,0.2336585672154754,250066240.0,Baseline
North Lahontan,2026-01-01,2026,1,51863.08537767149,0.0233795846049225,0.0270747583739237,0.2336585672154754,249975150.0,Severe Drought
North Lahontan,2026-01-01,2026,1,51863.08537767149,0.0233795846049225,0.0270747583739237,0.2336585672154754,239174880.0,Wet Year
North Lahontan,2026-01-01,2026,1,52119.09858726601,0.0233795846049225,0.0270747583739237,0.2336585672154754,249955620.0,Climate Change
North Lahontan,2026-01-01,2026,1,51948.70277838029,0.0274423516381378,0.0305106440831702,0.2813940621229928,254032800.0,Urbanization
North Lahontan,2026-02-01,2026,2,51906.90319476151,0.0233795846049225,0.0270747583739237,0.2336585672154754,232024140.0,Baseline
North Lahontan,2026-02-01,2026,2,51906.90319476151,0.0233795846049225,0.0270747583739237,0.2336585672154754,229187620.0,Severe Drought
North Lahontan,2026-02-01,2026,2,51906.90319476151,0.0233795846049225,0.0270747583739237,0.2336585672154754,232197250.0,Wet Year
North Lahontan,2026-02-01,2026,2,52228.44148336205,0.0233795846049225,0.0270747583739237,0.2336585672154754,229687380.0,Climate Change
North Lahontan,2026-02-01,2026,2,52014.38908290398,0.0274423516381378,0.0305106440831702,0.2813940621229928,230669490.0,Urbanization
North Lahontan,2026-03-01,2026,3,51946.512397044055,0.0233795846049225,0.0270747583739237,0.2336585672154754,235130660.0,Baseline
North Lahontan,2026-03-01,2026,3,51946.512397044055,0.0233795846049225,0.0270747583739237,0.2336585672154754,233532370.0,Severe Drought
North Lahontan,2026-03-01,2026,3,51946.512397044055,0.0233795846049225,0.0270747583739237,0.2336585672154754,235861920.0,Wet Year
North Lahontan,2026-03-01,2026,3,52327.39996556516,0.0233795846049225,0.0270747583739237,0.2336585672154754,231904240.0,Climate Change
North Lahontan,2026-03-01,2026,3,52073.79003442078,0.0274423516381378,0.0305106440831702,0.2813940621229928,236200020.0,Urbanization
North Lahontan,2026-04-01,2026,4,51990.400699525526,0.0233795846049225,0.0270747583739237,0.2336585672154754,235083580.0,Baseline
North Lahontan,2026-04-01,2026,4,51990.400699525526,0.0233795846049225,0.0270747583739237,0.2336585672154754,259596130.0,Severe Drought
North Lahontan,2026-04-01,2026,4,51990.400699525526,0.0233795846049225,0.0270747583739237,0.2336585672154754,232512780.0,Wet Year
North Lahontan,2026-04-01,2026,4,52437.1798660719,0.0233795846049225,0.0270747583739237,0.2336585672154754,256452850.0,Climate Change
North Lahontan,2026-04-01,2026,4,52139.63450496504,0.0274423516381378,0.0305106440831702,0.2813940621229928,237305460.0,Urbanization
North Lahontan,2026-05-01,2026,5,52032.90855520982,0.0233795846049225,0.0270747583739237,0.2336585672154754,323321630.0,Baseline
North Lahontan,2026-05-01,2026,5,52032.90855520982,0.0233795846049225,0.0270747583739237,0.2336585672154754,339397660.0,Severe Drought
North Lahontan,2026-05-01,2026,5,52032.90855520982,0.0233795846049225,0.0270747583739237,0.2336585672154754,279727780.0,Wet Year
North Lahontan,2026-05-01,2026,5,52543.63776219284,0.0233795846049225,0.0270747583739237,0.2336585672154754,337946180.0,Climate Change
North Lahontan,2026-05-01,2026,5,52203.43423076439,0.0274423516381378,0.0305106440831702,0.2813940621229928,326345120.0,Urbanization
North Lahontan,2026-06-01,2026,6,52076.86985163349,0.0233795846049225,0.0270747583739237,0.2336585672154754,428851500.0,Baseline
North Lahontan,2026-06-01,2026,6,52076.86985163349,0.0233795846049225,0.0270747583739237,0.2336585672154754,424152830.0,Severe Drought
North Lahontan,2026-06-01,2026,6,52076.86985163349,0.0233795846049225,0.0270747583739237,0.2336585672154754,403434660.0,Wet Year
North Lahontan,2026-06-01,2026,6,52653.871317263256,0.0233795846049225,0.0270747583739237,0.2336585672154754,429922720.0,Climate Change
North Lahontan,2026-06-01,2026,6,52269.44262933198,0.0273980278856572,0.0304400240982517,0.2825533515389627,438123000.0,Urbanization
North Lahontan,2026-07-01,2026,7,52119.4484053349,0.0233795846049225,0.0270747583739237,0.2336585672154754,537412160.0,Baseline
North Lahontan,2026-07-01,2026,7,52119.4484053349,0.0233795846049225,0.0270747583739237,0.2336585672154754,542759500.0,Severe Drought
North Lahontan,2026-07-01,2026,7,52119.4484053349,0.0233795846049225,0.0270747583739237,0.2336585672154754,539259300.0,Wet Year
North Lahontan,2026-07-01,2026,7,52760.76914009384,0.0233795846049225,0.0270747583739237,0.2336585672154754,541268740.0,Climate Change
North Lahontan,2026-07-01,2026,7,52333.40119250754,0.0273980278856572,0.0304400240982517,0.2825533515389627,551290940.0,Urbanization
North Lahontan,2026-08-01,2026,8,52163.48281710248,0.0233795846049225,0.0270747583739237,0.2336585672154754,376287100.0,Baseline
North Lahontan,2026-08-01,2026,8,52163.48281710248,0.0233795846049225,0.0270747583739237,0.2336585672154754,399726700.0,Severe Drought
North Lahontan,2026-08-01,2026,8,52163.48281710248,0.0233795846049225,0.0270747583739237,0.2336585672154754,353426300.0,Wet Year
North Lahontan,2026-08-01,2026,8,52871.45822441047,0.0233795846049225,0.0270747583739237,0.2336585672154754,397411100.0,Climate Change
North Lahontan,2026-08-01,2026,8,52399.57392721772,0.0273980278856572,0.0304400240982517,0.2825533515389627,401791300.0,Urbanization
North Lahontan,2026-09-01,2026,9,52207.55443243761,0.0233795846049225,0.0270747583739237,0.2336585672154754,329400030.0,Baseline
North Lahontan,2026-09-01,2026,9,52207.55443243761,0.0233795846049225,0.0270747583739237,0.2336585672154754,337499780.0,Severe Drought
North Lahontan,2026-09-01,2026,9,52207.55443243761,0.0233795846049225,0.0270747583739237,0.2336585672154754,321934620.0,Wet Year
North Lahontan,2026-09-01,2026,9,52982.37952811258,0.0233795846049225,0.0270747583739237,0.2336585672154754,338153150.0,Climate Change
North Lahontan,2026-09-01,2026,9,52465.83033374587,0.0273980278856572,0.0304400240982517,0.2825533515389627,337642720.0,Urbanization
North Lahontan,2026-10-01,2026,10,52250.23983511934,0.0233795846049225,0.0270747583739237,0.2336585672154754,301051200.0,Baseline
North Lahontan,2026-10-01,2026,10,52250.23983511934,0.0233795846049225,0.0270747583739237,0.2336585672154754,310018080.0,Severe Drought
North Lahontan,2026-10-01,2026,10,52250.23983511934,0.0233795846049225,0.0270747583739237,0.2336585672154754,264499170.0,Wet Year
North Lahontan,2026-10-01,2026,10,53089.94428789657,0.0233795846049225,0.0270747583739237,0.2336585672154754,312222000.0,Climate Change
North Lahontan,2026-10-01,2026,10,52530.02920320304,0.0273382575547255,0.0304247882398562,0.284222957539209,303811360.0,Urbanization
North Lahontan,2026-11-01,2026,11,52294.38474927808,0.0233795846049225,0.0270747583739237,0.2336585672154754,236683900.0,Baseline
North Lahontan,2026-11-01,2026,11,52294.38474927808,0.0233795846049225,0.0270747583739237,0.2336585672154754,237520100.0,Severe Drought
North Lahontan,2026-11-01,2026,11,52294.38474927808,0.0233795846049225,0.0270747583739237,0.2336585672154754,240285070.0,Wet Year
North Lahontan,2026-11-01,2026,11,53201.32396289799,0.0233795846049225,0.0270747583739237,0.2336585672154754,235756670.0,Climate Change
North Lahontan,2026-11-01,2026,11,52596.45056332053,0.0273382575547255,0.0304247882398562,0.284222957539209,240639150.0,Urbanization
North Lahontan,2026-12-01,2026,12,52337.14114526872,0.0233795846049225,0.0270747583739237,0.2336585672154754,258620560.0,Baseline
North Lahontan,2026-12-01,2026,12,52337.14114526872,0.0233795846049225,0.0270747583739237,0.2336585672154754,258804110.0,Severe Drought
North Lahontan,2026-12-01,2026,12,52337.14114526872,0.0233795846049225,0.0270747583739237,0.2336585672154754,259385280.0,Wet Year
North Lahontan,2026-12-01,2026,12,53309.33322339606,0.0233795846049225,0.0270747583739237,0.2336585672154754,259426350.0,Climate Change
North Lahontan,2026-12-01,2026,12,52660.80926387183,0.0273382575547255,0.0304247882398562,0.284222957539209,263956900.0,Urbanization
Sacramento River,2026-01-01,2026,1,2776710.320818899,0.0632338804971099,0.1305029591103772,0.2961286588119758,8931084000.0,Baseline
Sacramento River,2026-01-01,2026,1,2776710.320818899,0.0632338804971099,0.1305029591103772,0.2961286588119758,9355020000.0,Severe Drought
Sacramento River,2026-01-01,2026,1,2776710.320818899,0.0632338804971099,0.1305029591103772,0.2961286588119758,8937150000.0,Wet Year
Sacramento River,2026-01-01,2026,1,2790417.074209494,0.0632338804971099,0.1305029591103772,0.2961286588119758,9166224000.0,Climate Change
Sacramento River,2026-01-01,2026,1,2781294.211624057,0.0735186054116345,0.1362499830928611,0.3507884367088048,8989533000.0,Urbanization
Sacramento River,2026-02-01,2026,2,2779056.293567408,0.0632338804971099,0.1305029591103772,0.2961286588119758,7984971300.0,Baseline
Sacramento River,2026-02-01,2026,2,2779056.293567408,0.0632338804971099,0.1305029591103772,0.2961286588119758,8775297000.0,Severe Drought
Sacramento River,2026-02-01,2026,2,2779056.293567408,0.0632338804971099,0.1305029591103772,0.2961286588119758,7953659000.0,Wet Year
Sacramento River,2026-02-01,2026,2,2796271.210072935,0.0632338804971099,0.1305029591103772,0.2961286588119758,8342695400.0,Climate Change
Sacramento River,2026-02-01,2026,2,2784811.0066311257,0.0735186054116345,0.1362499830928611,0.3507884367088048,8054969300.0,Urbanization
Sacramento River,2026-03-01,2026,3,2781176.9402658534,0.0632338804971099,0.1305029591103772,0.2961286588119758,8955187000.0,Baseline
Sacramento River,2026-03-01,2026,3,2781176.9402658534,0.0632338804971099,0.1305029591103772,0.2961286588119758,9889713000.0,Severe Drought
Sacramento River,2026-03-01,2026,3,2781176.9402658534,0.0632338804971099,0.1305029591103772,0.2961286588119758,8763171000.0,Wet Year
Sacramento River,2026-03-01,2026,3,2801569.37227954,0.0632338804971099,0.1305029591103772,0.2961286588119758,9672474000.0,Climate Change
Sacramento River,2026-03-01,2026,3,2787991.288597423,0.0735186054116345,0.1362499830928611,0.3507884367088048,9257766000.0,Urbanization
Sacramento River,2026-04-01,2026,4,2783526.6867488497,0.0632338804971099,0.1305029591103772,0.2961286588119758,11967444000.0,Baseline
Sacramento River,2026-04-01,2026,4,2783526.6867488497,0.0632338804971099,0.1305029591103772,0.2961286588119758,14030323000.0,Severe Drought
Sacramento River,2026-04-01,2026,4,2783526.6867488497,0.0632338804971099,0.1305029591103772,0.2961286588119758,11401503000.0,Wet Year
Sacramento River,2026-04-01,2026,4,2807446.9050282333,0.0632338804971099,0.1305029591103772,0.2961286588119758,13741983000.0,Climate Change
Sacramento River,2026-04-01,2026,4,2791516.551693471,0.0735186054116345,0.1362499830928611,0.3507884367088048,12693873000.0,Urbanization
Sacramento River,2026-05-01,2026,5,2785802.525155588,0.0632338804971099,0.1305029591103772,0.2961286588119758,17018903000.0,Baseline
Sacramento River,2026-05-01,2026,5,2785802.525155588,0.0632338804971099,0.1305029591103772,0.2961286588119758,18830916000.0,Severe Drought
Sacramento River,2026-05-01,2026,5,2785802.525155588,0.0632338804971099,0.1305029591103772,0.2961286588119758,15630714000.0,Wet Year
Sacramento River,2026-05-01,2026,5,2813146.580177505,0.0632338804971099,0.1305029591103772,0.2961286588119758,18656524000.0,Climate Change
Sacramento River,2026-05-01,2026,5,2794932.3407041407,0.0735186054116345,0.1362499830928611,0.3507884367088048,17109220000.0,Urbanization
Sacramento River,2026-06-01,2026,6,2788156.179678979,0.0632338804971099,0.1305029591103772,0.2961286588119758,21009848000.0,Baseline
Sacramento River,2026-06-01,2026,6,2788156.179678979,0.0632338804971099,0.1305029591103772,0.2961286588119758,21285542000.0,Severe Drought
Sacramento River,2026-06-01,2026,6,2788156.179678979,0.0632338804971099,0.1305029591103772,0.2961286588119758,19499842000.0,Wet Year
Sacramento River,2026-06-01,2026,6,2819048.4012480346,0.0632338804971099,0.1305029591103772,0.2961286588119758,21308817000.0,Climate Change
Sacramento River,2026-06-01,2026,6,2798466.3803824326,0.0733579084243318,0.1361863628228273,0.3544707469044862,21365020000.0,Urbanization
Sacramento River,2026-07-01,2026,7,2790435.803204022,0.0632338804971099,0.1305029591103772,0.2961286588119758,24246385000.0,Baseline
Sacramento River,2026-07-01,2026,7,2790435.803204022,0.0632338804971099,0.1305029591103772,0.2961286588119758,24778610000.0,Severe Drought
Sacramento River,2026-07-01,2026,7,2790435.803204022,0.0632338804971099,0.1305029591103772,0.2961286588119758,21937940000.0,Wet Year
Sacramento River,2026-07-01,2026,7,2824771.629740232,0.0632338804971099,0.1305029591103772,0.2961286588119758,24758815000.0,Climate Change
Sacramento River,2026-07-01,2026,7,2801890.6734259543,0.0733579084243318,0.1361863628228273,0.3544707469044862,24413678000.0,Urbanization
Sacramento River,2026-08-01,2026,8,2792793.372267564,0.0632338804971099,0.1305029591103772,0.2961286588119758,23517352000.0,Baseline
Sacramento River,2026-08-01,2026,8,2792793.372267564,0.0632338804971099,0.1305029591103772,0.2961286588119758,23827583000.0,Severe Drought
Sacramento River,2026-08-01,2026,8,2792793.372267564,0.0632338804971099,0.1305029591103772,0.2961286588119758,23369480000.0,Wet Year
Sacramento River,2026-08-01,2026,8,2830697.83950168,0.0632338804971099,0.1305029591103772,0.2961286588119758,23790481000.0,Climate Change
Sacramento River,2026-08-01,2026,8,2805433.5115368864,0.0733579084243318,0.1361863628228273,0.3544707469044862,23291562000.0,Urbanization
Sacramento River,2026-09-01,2026,9,2795152.933181941,0.0632338804971099,0.1305029591103772,0.2961286588119758,21377167000.0,Baseline
Sacramento River,2026-09-01,2026,9,2795152.933181941,0.0632338804971099,0.1305029591103772,0.2961286588119758,21286597000.0,Severe Drought
Sacramento River,2026-09-01,2026,9,2795152.933181941,0.0632338804971099,0.1305029591103772,0.2961286588119758,21357482000.0,Wet Year
Sacramento River,2026-09-01,2026,9,2836636.482113192,0.0632338804971099,0.1305029591103772,0.2961286588119758,21285663000.0,Climate Change
Sacramento River,2026-09-01,2026,9,2808980.829373598,0.0733579084243318,0.1361863628228273,0.3544707469044862,21144605000.0,Urbanization
Sacramento River,2026-10-01,2026,10,2797438.2773204856,0.0632338804971099,0.1305029591103772,0.2961286588119758,19420893000.0,Baseline
Sacramento River,2026-10-01,2026,10,2797438.2773204856,0.0632338804971099,0.1305029591103772,0.2961286588119758,20304763000.0,Severe Drought
Sacramento River,2026-10-01,2026,10,2797438.2773204856,0.0632338804971099,0.1305029591103772,0.2961286588119758,18819498000.0,Wet Year
Sacramento River,2026-10-01,2026,10,2842395.417904876,0.0632338804971099,0.1305029591103772,0.2961286588119758,20262400000.0,Climate Change
Sacramento River,2026-10-01,2026,10,2812417.9882334787,0.0731285676814046,0.1363015773689516,0.3588623757855237,18935833000.0,Urbanization
Sacramento River,2026-11-01,2026,11,2799801.7625983786,0.0632338804971099,0.1305029591103772,0.2961286588119758,12649859000.0,Baseline
Sacramento River,2026-11-01,2026,11,2799801.7625983786,0.0632338804971099,0.1305029591103772,0.2961286588119758,14616745000.0,Severe Drought
Sacramento River,2026-11-01,2026,11,2799801.7625983786,0.0632338804971099,0.1305029591103772,0.2961286588119758,12114495000.0,Wet Year
Sacramento River,2026-11-01,2026,11,2848358.601368678,0.0632338804971099,0.1305029591103772,0.2961286588119758,14515450000.0,Climate Change
Sacramento River,2026-11-01,2026,11,2815974.137560462,0.0731285676814046,0.1363015773689516,0.3588623757855237,12535340000.0,Urbanization
Sacramento River,2026-12-01,2026,12,2802090.9076649263,0.0632338804971099,0.1305029591103772,0.2961286588119758,9687946000.0,Baseline
Sacramento River,2026-12-01,2026,12,2802090.9076649263,0.0632338804971099,0.1305029591103772,0.2961286588119758,10209993000.0,Severe Drought
Sacramento River,2026-12-01,2026,12,2802090.9076649263,0.0632338804971099,0.1305029591103772,0.2961286588119758,9528075000.0,Wet Year
Sacramento River,2026-12-01,2026,12,2854141.335392021,0.0632338804971099,0.1305029591103772,0.2961286588119758,10081596000.0,Climate Change
Sacramento River,2026-12-01,2026,12,2819419.8536561,0.0731285676814046,0.1363015773689516,0.3588623757855237,9571809000.0,Urbanization
San Francisco Bay,2026-01-01,2026,1,6249993.920941216,0.260770995420197,0.0264588239881343,0.160531735483449,15123564000.0,Baseline
San Francisco Bay,2026-01-01,2026,1,6249993.920941216,0.260770995420197,0.0264588239881343,0.160531735483449,16609035000.0,Severe Drought
San Francisco Bay,2026-01-01,2026,1,6249993.920941216,0.260770995420197,0.0264588239881343,0.160531735483449,14122736000.0,Wet Year
San Francisco Bay,2026-01-01,2026,1,6280845.942027014,0.260770995420197,0.0264588239881343,0.160531735483449,16497741000.0,Climate Change
San Francisco Bay,2026-01-01,2026,1,6260311.630156936,0.3103368816640052,0.0334291093708354,0.2037572465036571,15149749000.0,Urbanization
San Francisco Bay,2026-02-01,2026,2,6255274.383691305,0.260770995420197,0.0264588239881343,0.160531735483449,14759511000.0,Baseline
San Francisco Bay,2026-02-01,2026,2,6255274.383691305,0.260770995420197,0.0264588239881343,0.160531735483449,16012835000.0,Severe Drought
San Francisco Bay,2026-02-01,2026,2,6255274.383691305,0.260770995420197,0.0264588239881343,0.160531735483449,13330801000.0,Wet Year
San Francisco Bay,2026-02-01,2026,2,6294022.798570003,0.260770995420197,0.0264588239881343,0.160531735483449,15832530000.0,Climate Change
San Francisco Bay,2026-02-01,2026,2,6268227.453154596,0.3103368816640052,0.0334291093708354,0.2037572465036571,14801205000.0,Urbanization
San Francisco Bay,2026-03-01,2026,3,6260047.668421215,0.260770995420197,0.0264588239881343,0.160531735483449,15978298000.0,Baseline
San Francisco Bay,2026-03-01,2026,3,6260047.668421215,0.260770995420197,0.0264588239881343,0.160531735483449,17712360000.0,Severe Drought
San Francisco Bay,2026-03-01,2026,3,6260047.668421215,0.260770995420197,0.0264588239881343,0.160531735483449,14387280000.0,Wet Year
San Francisco Bay,2026-03-01,2026,3,6305948.234700366,0.260770995420197,0.0264588239881343,0.160531735483449,17488015000.0,Climate Change
San Francisco Bay,2026-03-01,2026,3,6275385.831472712,0.3103368816640052,0.0334291093708354,0.2037572465036571,16120458000.0,Urbanization
San Francisco Bay,2026-04-01,2026,4,6265336.625329817,0.260770995420197,0.0264588239881343,0.160531735483449,18353938000.0,Baseline
San Francisco Bay,2026-04-01,2026,4,6265336.625329817,0.260770995420197,0.0264588239881343,0.160531735483449,20552456000.0,Severe Drought
San Francisco Bay,2026-04-01,2026,4,6265336.625329817,0.260770995420197,0.0264588239881343,0.160531735483449,15800401000.0,Wet Year
San Francisco Bay,2026-04-01,2026,4,6319177.754421614,0.260770995420197,0.0264588239881343,0.160531735483449,20221090000.0,Climate Change
San Francisco Bay,2026-04-01,2026,4,6283320.7149767,0.3103368816640052,0.0334291093708354,0.2037572465036571,18404454000.0,Urbanization
San Francisco Bay,2026-05-01,2026,5,6270459.225300189,0.260770995420197,0.0264588239881343,0.160531735483449,21983890000.0,Baseline
San Francisco Bay,2026-05-01,2026,5,6270459.225300189,0.260770995420197,0.0264588239881343,0.160531735483449,22519908000.0,Severe Drought
San Francisco Bay,2026-05-01,2026,5,6270459.225300189,0.260770995420197,0.0264588239881343,0.160531735483449,19762729000.0,Wet Year
San Francisco Bay,2026-05-01,2026,5,6332006.94109161,0.260770995420197,0.0264588239881343,0.160531735483449,22486430000.0,Climate Change
San Francisco Bay,2026-05-01,2026,5,6291009.187336181,0.3103368816640052,0.0334291093708354,0.2037572465036571,21957616000.0,Urbanization
San Francisco Bay,2026-06-01,2026,6,6275756.97867147,0.260770995420197,0.0264588239881343,0.160531735483449,24740782000.0,Baseline
San Francisco Bay,2026-06-01,2026,6,6275756.97867147,0.260770995420197,0.0264588239881343,0.160531735483449,24881285000.0,Severe Drought
San Francisco Bay,2026-06-01,2026,6,6275756.97867147,0.260770995420197,0.0264588239881343,0.160531735483449,22361115000.0,Wet Year
San Francisco Bay,2026-06-01,2026,6,6345291.130492545,0.260770995420197,0.0264588239881343,0.160531735483449,24847423000.0,Climate Change
San Francisco Bay,2026-06-01,2026,6,6298963.825722506,0.3100606377952103,0.033598459208861,0.2048674042941709,24636760000.0,Urbanization
San Francisco Bay,2026-07-01,2026,7,6280888.098423765,0.260770995420197,0.0264588239881343,0.160531735483449,25112711000.0,Baseline
San Francisco Bay,2026-07-01,2026,7,6280888.098423765,0.260770995420197,0.0264588239881343,0.160531735483449,25195858000.0,Severe Drought
San Francisco Bay,2026-07-01,2026,7,6280888.098423765,0.260770995420197,0.0264588239881343,0.160531735483449,24720075000.0,Wet Year
San Francisco Bay,2026-07-01,2026,7,6358173.332505551,0.260770995420197,0.0264588239881343,0.160531735483449,25196915000.0,Climate Change
San Francisco Bay,2026-07-01,2026,7,6306671.4394930415,0.3100606377952103,0.033598459208861,0.2048674042941709,25043786000.0,Urbanization
San Francisco Bay,2026-08-01,2026,8,6286194.662887785,0.260770995420197,0.0264588239881343,0.160531735483449,24736725000.0,Baseline
San Francisco Bay,2026-08-01,2026,8,6286194.662887785,0.260770995420197,0.0264588239881343,0.160531735483449,24851546000.0,Severe Drought
San Francisco Bay,2026-08-01,2026,8,6286194.662887785,0.260770995420197,0.0264588239881343,0.160531735483449,24103629000.0,Wet Year
San Francisco Bay,2026-08-01,2026,8,6371512.417503208,0.260770995420197,0.0264588239881343,0.160531735483449,24818246000.0,Climate Change
San Francisco Bay,2026-08-01,2026,8,6314645.881943947,0.3100606377952103,0.033598459208861,0.2048674042941709,24680454000.0,Urbanization
San Francisco Bay,2026-09-01,2026,9,6291505.710734722,0.260770995420197,0.0264588239881343,0.160531735483449,22814763000.0,Baseline
San Francisco Bay,2026-09-01,2026,9,6291505.710734722,0.260770995420197,0.0264588239881343,0.160531735483449,22934745000.0,Severe Drought
San Francisco Bay,2026-09-01,2026,9,6291505.710734722,0.260770995420197,0.0264588239881343,0.160531735483449,22267564000.0,Wet Year
San Francisco Bay,2026-09-01,2026,9,6384879.487140363,0.260770995420197,0.0264588239881343,0.160531735483449,22873150000.0,Climate Change
San Francisco Bay,2026-09-01,2026,9,6322630.407642888,0.3100606377952103,0.033598459208861,0.2048674042941709,22727768000.0,Urbanization
San Francisco Bay,2026-10-01,2026,10,6296649.706803043,0.260770995420197,0.0264588239881343,0.160531735483449,20869183000.0,Baseline
San Francisco Bay,2026-10-01,2026,10,6296649.706803043,0.260770995420197,0.0264588239881343,0.160531735483449,21011372000.0,Severe Drought
San Francisco Bay,2026-10-01,2026,10,6296649.706803043,0.260770995420197,0.0264588239881343,0.160531735483449,20584903000.0,Wet Year
San Francisco Bay,2026-10-01,2026,10,6397842.061384874,0.260770995420197,0.0264588239881343,0.160531735483449,20974653000.0,Climate Change
San Francisco Bay,2026-10-01,2026,10,6330366.980600641,0.3098002235489352,0.0337569081496466,0.2059212697837466,20794049000.0,Urbanization
San Francisco Bay,2026-11-01,2026,11,6301969.587853764,0.260770995420197,0.0264588239881343,0.160531735483449,17720062000.0,Baseline
San Francisco Bay,2026-11-01,2026,11,6301969.587853764,0.260770995420197,0.0264588239881343,0.160531735483449,19526973000.0,Severe Drought
San Francisco Bay,2026-11-01,2026,11,6301969.587853764,0.260770995420197,0.0264588239881343,0.160531735483449,15787267000.0,Wet Year
San Francisco Bay,2026-11-01,2026,11,6411264.369113117,0.260770995420197,0.0264588239881343,0.160531735483449,19149068000.0,Climate Change
San Francisco Bay,2026-11-01,2026,11,6338371.384772356,0.3098002235489352,0.0337569081496466,0.2059212697837466,15882465000.0,Urbanization
San Francisco Bay,2026-12-01,2026,12,6307122.13928947,0.260770995420197,0.0264588239881343,0.160531735483449,15530062000.0,Baseline
San Francisco Bay,2026-12-01,2026,12,6307122.13928947,0.260770995420197,0.0264588239881343,0.160531735483449,16325546000.0,Severe Drought
San Francisco Bay,2026-12-01,2026,12,6307122.13928947,0.260770995420197,0.0264588239881343,0.160531735483449,14164576000.0,Wet Year
San Francisco Bay,2026-12-01,2026,12,6424280.509911577,0.260770995420197,0.0264588239881343,0.160531735483449,16130577000.0,Climate Change
San Francisco Bay,2026-12-01,2026,12,6346127.2188936025,0.3098002235489352,0.0337569081496466,0.2059212697837466,14479559000.0,Urbanization
San Joaquin River,2026-01-01,2026,1,1420232.4314445753,0.067276591793311,0.2318408784631214,0.207376929841221,4862308000.0,Baseline
San Joaquin River,2026-01-01,2026,1,1420232.4314445753,0.067276591793311,0.2318408784631214,0.207376929841221,5004230700.0,Severe Drought
San Joaquin River,2026-01-01,2026,1,1420232.4314445753,0.067276591793311,0.2318408784631214,0.207376929841221,4782307300.0,Wet Year
San Joaquin River,2026-01-01,2026,1,1427243.1648110268,0.067276591793311,0.2318408784631214,0.207376929841221,4977215500.0,Climate Change
San Joaquin River,2026-01-01,2026,1,1422577.0009644404,0.0768253441794086,0.2438883487149805,0.233997737542218,4814091300.0,Urbanization
San Joaquin River,2026-02-01,2026,2,1421432.3501237894,0.067276591793311,0.2318408784631214,0.207376929841221,4682024400.0,Baseline
San Joaquin River,2026-02-01,2026,2,1421432.3501237894,0.067276591793311,0.2318408784631214,0.207376929841221,4815147500.0,Severe Drought
San Joaquin River,2026-02-01,2026,2,1421432.3501237894,0.067276591793311,0.2318408784631214,0.207376929841221,4566104000.0,Wet Year
San Joaquin River,2026-02-01,2026,2,1430237.439564502,0.067276591793311,0.2318408784631214,0.207376929841221,4767990000.0,Climate Change
San Joaquin River,2026-02-01,2026,2,1424375.77208087,0.0768253441794086,0.2438883487149805,0.233997737542218,4641762300.0,Urbanization
San Joaquin River,2026-03-01,2026,3,1422517.018983262,0.067276591793311,0.2318408784631214,0.207376929841221,5433667600.0,Baseline
San Joaquin River,2026-03-01,2026,3,1422517.018983262,0.067276591793311,0.2318408784631214,0.207376929841221,5542655500.0,Severe Drought
San Joaquin River,2026-03-01,2026,3,1422517.018983262,0.067276591793311,0.2318408784631214,0.207376929841221,5180591000.0,Wet Year
San Joaquin River,2026-03-01,2026,3,1432947.3447845234,0.067276591793311,0.2318408784631214,0.207376929841221,5478196000.0,Climate Change
San Joaquin River,2026-03-01,2026,3,1426002.4234300617,0.0768253441794086,0.2438883487149805,0.233997737542218,5382556700.0,Urbanization
San Joaquin River,2026-04-01,2026,4,1423718.8678530569,0.067276591793311,0.2318408784631214,0.207376929841221,6516248600.0,Baseline
San Joaquin River,2026-04-01,2026,4,1423718.8678530569,0.067276591793311,0.2318408784631214,0.207376929841221,7026902000.0,Severe Drought
San Joaquin River,2026-04-01,2026,4,1423718.8678530569,0.067276591793311,0.2318408784631214,0.207376929841221,5913217000.0,Wet Year
San Joaquin River,2026-04-01,2026,4,1435953.5865822309,0.067276591793311,0.2318408784631214,0.207376929841221,6909072400.0,Climate Change
San Joaquin River,2026-04-01,2026,4,1427805.525806584,0.0768253441794086,0.2438883487149805,0.233997737542218,6227948500.0,Urbanization
San Joaquin River,2026-05-01,2026,5,1424882.9142030645,0.067276591793311,0.2318408784631214,0.207376929841221,8304165000.0,Baseline
San Joaquin River,2026-05-01,2026,5,1424882.9142030645,0.067276591793311,0.2318408784631214,0.207376929841221,8845641000.0,Severe Drought
San Joaquin River,2026-05-01,2026,5,1424882.9142030645,0.067276591793311,0.2318408784631214,0.207376929841221,7429224400.0,Wet Year
San Joaquin River,2026-05-01,2026,5,1438868.8577342131,0.067276591793311,0.2318408784631214,0.207376929841221,8685278000.0,Climate Change
San Joaquin River,2026-05-01,2026,5,1429552.6343528202,0.0768253441794086,0.2438883487149805,0.233997737542218,8009560000.0,Urbanization
San Joaquin River,2026-06-01,2026,6,1426086.761958256,0.067276591793311,0.2318408784631214,0.207376929841221,9826366000.0,Baseline
San Joaquin River,2026-06-01,2026,6,1426086.761958256,0.067276591793311,0.2318408784631214,0.207376929841221,9869946000.0,Severe Drought
San Joaquin River,2026-06-01,2026,6,1426086.761958256,0.067276591793311,0.2318408784631214,0.207376929841221,8985471000.0,Wet Year
San Joaquin River,2026-06-01,2026,6,1441887.5225283413,0.067276591793311,0.2318408784631214,0.207376929841221,9879947000.0,Climate Change
San Joaquin River,2026-06-01,2026,6,1431360.2257776405,0.0764952468370306,0.2437305040424047,0.2361590750759132,9564273000.0,Urbanization
San Joaquin River,2026-07-01,2026,7,1427252.7443214415,0.067276591793311,0.2318408784631214,0.207376929841221,10610721000.0,Baseline
San Joaquin River,2026-07-01,2026,7,1427252.7443214415,0.067276591793311,0.2318408784631214,0.207376929841221,10758427000.0,Severe Drought
San Joaquin River,2026-07-01,2026,7,1427252.7443214415,0.067276591793311,0.2318408784631214,0.207376929841221,9979245000.0,Wet Year
San Joaquin River,2026-07-01,2026,7,1444814.8407495625,0.067276591793311,0.2318408784631214,0.207376929841221,10759843000.0,Climate Change
San Joaquin River,2026-07-01,2026,7,1433111.6839685494,0.0764952468370306,0.2437305040424047,0.2361590750759132,10517770000.0,Urbanization
San Joaquin River,2026-08-01,2026,8,1428458.5942865273,0.067276591793311,0.2318408784631214,0.207376929841221,10427007000.0,Baseline
San Joaquin River,2026-08-01,2026,8,1428458.5942865273,0.067276591793311,0.2318408784631214,0.207376929841221,10577460000.0,Severe Drought
San Joaquin River,2026-08-01,2026,8,1428458.5942865273,0.067276591793311,0.2318408784631214,0.207376929841221,10058587000.0,Wet Year
San Joaquin River,2026-08-01,2026,8,1447845.9798769131,0.067276591793311,0.2318408784631214,0.207376929841221,10572256000.0,Climate Change
San Joaquin River,2026-08-01,2026,8,1434923.7756177136,0.0764952468370306,0.2437305040424047,0.2361590750759132,10326661000.0,Urbanization
San Joaquin River,2026-09-01,2026,9,1429665.4630439354,0.067276591793311,0.2318408784631214,0.207376929841221,8891329000.0,Baseline
San Joaquin River,2026-09-01,2026,9,1429665.4630439354,0.067276591793311,0.2318408784631214,0.207376929841221,8931272000.0,Severe Drought
San Joaquin River,2026-09-01,2026,9,1429665.4630439354,0.067276591793311,0.2318408784631214,0.207376929841221,8689918000.0,Wet Year
San Joaquin River,2026-09-01,2026,9,1450883.4781612644,0.067276591793311,0.2318408784631214,0.207376929841221,8894162000.0,Climate Change
San Joaquin River,2026-09-01,2026,9,1436738.1585580462,0.0764952468370306,0.2437305040424047,0.2361590750759132,8826310000.0,Urbanization
San Joaquin River,2026-10-01,2026,10,1430834.371387826,0.067276591793311,0.2318408784631214,0.207376929841221,7404764700.0,Baseline
San Joaquin River,2026-10-01,2026,10,1430834.371387826,0.067276591793311,0.2318408784631214,0.207376929841221,7482738000.0,Severe Drought
San Joaquin River,2026-10-01,2026,10,1430834.371387826,0.067276591793311,0.2318408784631214,0.207376929841221,7170731500.0,Wet Year
San Joaquin River,2026-10-01,2026,10,1453829.0599602128,0.067276591793311,0.2318408784631214,0.207376929841221,7454049300.0,Climate Change
San Joaquin River,2026-10-01,2026,10,1438496.1973596558,0.0761100956265812,0.2438788858930535,0.237940199446993,7360100400.0,Urbanization
San Joaquin River,2026-11-01,2026,11,1432043.2473795842,0.067276591793311,0.2318408784631214,0.207376929841221,5684646400.0,Baseline
San Joaquin River,2026-11-01,2026,11,1432043.2473795842,0.067276591793311,0.2318408784631214,0.207376929841221,5871891000.0,Severe Drought
San Joaquin River,2026-11-01,2026,11,1432043.2473795842,0.067276591793311,0.2318408784631214,0.207376929841221,5539706400.0,Wet Year
San Joaquin River,2026-11-01,2026,11,1456879.1104053194,0.067276591793311,0.2318408784631214,0.207376929841221,5792864000.0,Climate Change
San Joaquin River,2026-11-01,2026,11,1440315.0974326574,0.0761100956265812,0.2438788858930535,0.237940199446993,5627492000.0,Urbanization
San Joaquin River,2026-12-01,2026,12,1433214.0998230013,0.067276591793311,0.2318408784631214,0.207376929841221,4778906000.0,Baseline
San Joaquin River,2026-12-01,2026,12,1433214.0998230013,0.067276591793311,0.2318408784631214,0.207376929841221,5053792000.0,Severe Drought
San Joaquin River,2026-12-01,2026,12,1433214.0998230013,0.067276591793311,0.2318408784631214,0.207376929841221,4827894000.0,Wet Year
San Joaquin River,2026-12-01,2026,12,1459836.8645292523,0.067276591793311,0.2318408784631214,0.207376929841221,5035626000.0,Climate Change
San Joaquin River,2026-12-01,2026,12,1442077.5130911735,0.0761100956265812,0.2438788858930535,0.237940199446993,4725491700.0,Urbanization
South Coast,2026-01-01,2026,1,18368487.939392462,0.3318997153246653,0.0176986110595525,0.066203517588258,50539782000.0,Baseline
South Coast,2026-01-01,2026,1,18368487.939392462,0.3318997153246653,0.0176986110595525,0.066203517588258,57905365000.0,Severe Drought
South Coast,2026-01-01,2026,1,18368487.939392462,0.3318997153246653,0.0176986110595525,0.066203517588258,47694110000.0,Wet Year
South Coast,2026-01-01,2026,1,18459160.82394065,0.3318997153246653,0.0176986110595525,0.066203517588258,56598307000.0,Climate Change
South Coast,2026-01-01,2026,1,18398811.28365302,0.3917710838465201,0.0186289480606617,0.0662531881250436,50545950000.0,Urbanization
South Coast,2026-02-01,2026,2,18384007.013101388,0.3318997153246653,0.0176986110595525,0.066203517588258,49948213000.0,Baseline
South Coast,2026-02-01,2026,2,18384007.013101388,0.3318997153246653,0.0176986110595525,0.066203517588258,54525866000.0,Severe Drought
South Coast,2026-02-01,2026,2,18384007.013101388,0.3318997153246653,0.0176986110595525,0.066203517588258,46275500000.0,Wet Year
South Coast,2026-02-01,2026,2,18497887.090485968,0.3318997153246653,0.0176986110595525,0.066203517588258,51973796000.0,Climate Change
South Coast,2026-02-01,2026,2,18422075.578163084,0.3917710838465201,0.0186289480606617,0.0662531881250436,49958027000.0,Urbanization
South Coast,2026-03-01,2026,3,18398035.51042502,0.3318997153246653,0.0176986110595525,0.066203517588258,52668957000.0,Baseline
South Coast,2026-03-01,2026,3,18398035.51042502,0.3318997153246653,0.0176986110595525,0.066203517588258,60218597000.0,Severe Drought
South Coast,2026-03-01,2026,3,18398035.51042502,0.3318997153246653,0.0176986110595525,0.066203517588258,46613807000.0,Wet Year
South Coast,2026-03-01,2026,3,18532935.481332973,0.3318997153246653,0.0176986110595525,0.066203517588258,58093870000.0,Climate Change
South Coast,2026-03-01,2026,3,18443113.772354174,0.3917710838465201,0.0186289480606617,0.0662531881250436,52737516000.0,Urbanization
South Coast,2026-04-01,2026,4,18413579.54813394,0.3318997153246653,0.0176986110595525,0.066203517588258,59093980000.0,Baseline
South Coast,2026-04-01,2026,4,18413579.54813394,0.3318997153246653,0.0176986110595525,0.066203517588258,69902520000.0,Severe Drought
South Coast,2026-04-01,2026,4,18413579.54813394,0.3318997153246653,0.0176986110595525,0.066203517588258,55797723000.0,Wet Year
South Coast,2026-04-01,2026,4,18571816.522901587,0.3318997153246653,0.0176986110595525,0.066203517588258,65807010000.0,Climate Change
South Coast,2026-04-01,2026,4,18466434.084947623,0.3917710838465201,0.0186289480606617,0.0662531881250436,59111113000.0,Urbanization
South Coast,2026-05-01,2026,5,18428634.669301152,0.3318997153246653,0.0176986110595525,0.066203517588258,70495260000.0,Baseline
South Coast,2026-05-01,2026,5,18428634.669301152,0.3318997153246653,0.0176986110595525,0.066203517588258,76565680000.0,Severe Drought
South Coast,2026-05-01,2026,5,18428634.669301152,0.3318997153246653,0.0176986110595525,0.066203517588258,60109697000.0,Wet Year
South Coast,2026-05-01,2026,5,18609521.00127403,0.3318997153246653,0.0176986110595525,0.066203517588258,72547360000.0,Climate Change
South Coast,2026-05-01,2026,5,18489030.20481493,0.3917710838465201,0.0186289480606617,0.0662531881250436,70537626000.0,Urbanization
South Coast,2026-06-01,2026,6,18444204.559470195,0.3318997153246653,0.0176986110595525,0.066203517588258,76867985000.0,Baseline
South Coast,2026-06-01,2026,6,18444204.559470195,0.3318997153246653,0.0176986110595525,0.066203517588258,79949570000.0,Severe Drought
South Coast,2026-06-01,2026,6,18444204.559470195,0.3318997153246653,0.0176986110595525,0.066203517588258,73266290000.0,Wet Year
South Coast,2026-06-01,2026,6,18648562.71489524,0.3318997153246653,0.0176986110595525,0.066203517588258,79523280000.0,Climate Change
South Coast,2026-06-01,2026,6,18512408.576235715,0.3911206356233001,0.0188216731069278,0.0671022774628778,76984040000.0,Urbanization
South Coast,2026-07-01,2026,7,18459284.7199436,0.3318997153246653,0.0176986110595525,0.066203517588258,82645400000.0,Baseline
South Coast,2026-07-01,2026,7,18459284.7199436,0.3318997153246653,0.0176986110595525,0.066203517588258,86224450000.0,Severe Drought
South Coast,2026-07-01,2026,7,18459284.7199436,0.3318997153246653,0.0176986110595525,0.066203517588258,77163830000.0,Wet Year
South Coast,2026-07-01,2026,7,18686423.00328942,0.3318997153246653,0.0176986110595525,0.066203517588258,85417790000.0,Climate Change
South Coast,2026-07-01,2026,7,18535060.951962225,0.3911206356233001,0.0188216731069278,0.0671022774628778,82704065000.0,Urbanization
South Coast,2026-08-01,2026,8,18474880.505569942,0.3318997153246653,0.0176986110595525,0.066203517588258,82561425000.0,Baseline
South Coast,2026-08-01,2026,8,18474880.505569942,0.3318997153246653,0.0176986110595525,0.066203517588258,83842230000.0,Severe Drought
South Coast,2026-08-01,2026,8,18474880.505569942,0.3318997153246653,0.0176986110595525,0.066203517588258,78944770000.0,Wet Year
South Coast,2026-08-01,2026,8,18725626.05292456,0.3318997153246653,0.0176986110595525,0.066203517588258,83136460000.0,Climate Change
South Coast,2026-08-01,2026,8,18558497.52675505,0.3911206356233001,0.0188216731069278,0.0671022774628778,82753135000.0,Urbanization
South Coast,2026-09-01,2026,9,18490489.46768352,0.3318997153246653,0.0176986110595525,0.066203517588258,79415970000.0,Baseline
South Coast,2026-09-01,2026,9,18490489.46768352,0.3318997153246653,0.0176986110595525,0.066203517588258,80166100000.0,Severe Drought
South Coast,2026-09-01,2026,9,18490489.46768352,0.3318997153246653,0.0176986110595525,0.066203517588258,77422270000.0,Wet Year
South Coast,2026-09-01,2026,9,18764911.3483218,0.3318997153246653,0.0176986110595525,0.066203517588258,79606290000.0,Climate Change
South Coast,2026-09-01,2026,9,18581963.735819887,0.3911206356233001,0.0188216731069278,0.0671022774628778,79581090000.0,Urbanization
South Coast,2026-10-01,2026,10,18505607.471146632,0.3318997153246653,0.0176986110595525,0.066203517588258,76847610000.0,Baseline
South Coast,2026-10-01,2026,10,18505607.471146632,0.3318997153246653,0.0176986110595525,0.066203517588258,78444350000.0,Severe Drought
South Coast,2026-10-01,2026,10,18505607.471146632,0.3318997153246653,0.0176986110595525,0.066203517588258,73991774000.0,Wet Year
South Coast,2026-10-01,2026,10,18803007.847564142,0.3318997153246653,0.0176986110595525,0.066203517588258,77828240000.0,Climate Change
South Coast,2026-10-01,2026,10,18604701.221466165,0.3904698153718184,0.0190299900391881,0.0675807421956012,77022675000.0,Urbanization
South Coast,2026-11-01,2026,11,18521242.393700995,0.3318997153246653,0.0176986110595525,0.066203517588258,68362584000.0,Baseline
South Coast,2026-11-01,2026,11,18521242.393700995,0.3318997153246653,0.0176986110595525,0.066203517588258,71823426000.0,Severe Drought
South Coast,2026-11-01,2026,11,18521242.393700995,0.3318997153246653,0.0176986110595525,0.066203517588258,61393890000.0,Wet Year
South Coast,2026-11-01,2026,11,18842455.48555287,0.3318997153246653,0.0176986110595525,0.066203517588258,71792480000.0,Climate Change
South Coast,2026-11-01,2026,11,18628225.85258581,0.3904698153718184,0.0190299900391881,0.0675807421956012,68471810000.0,Urbanization
South Coast,2026-12-01,2026,12,18536385.541054588,0.3318997153246653,0.0176986110595525,0.066203517588258,57827332000.0,Baseline
South Coast,2026-12-01,2026,12,18536385.541054588,0.3318997153246653,0.0176986110595525,0.066203517588258,63385403000.0,Severe Drought
South Coast,2026-12-01,2026,12,18536385.541054588,0.3318997153246653,0.0176986110595525,0.066203517588258,50876166000.0,Wet Year
South Coast,2026-12-01,2026,12,18880709.41480436,0.3318997153246653,0.0176986110595525,0.066203517588258,60715910000.0,Climate Change
South Coast,2026-12-01,2026,12,18651019.94603904,0.3904698153718184,0.0190299900391881,0.0675807421956012,57913980000.0,Urbanization
South Lahontan,2026-01-01,2026,1,873282.6133455457,0.0209959568112717,0.0046580701345075,0.0347883659984061,2527700000.0,Baseline
South Lahontan,2026-01-01,2026,1,873282.6133455457,0.0209959568112717,0.0046580701345075,0.0347883659984061,2623193600.0,Severe Drought
South Lahontan,2026-01-01,2026,1,873282.6133455457,0.0209959568112717,0.0046580701345075,0.0347883659984061,2506723600.0,Wet Year
South Lahontan,2026-01-01,2026,1,877593.4229145795,0.0209959568112717,0.0046580701345075,0.0347883659984061,2612961800.0,Climate Change
South Lahontan,2026-01-01,2026,1,874724.2589185842,0.0238211429783042,0.0046810996233798,0.0396660333075209,2533439000.0,Urbanization
South Lahontan,2026-02-01,2026,2,874020.427872792,0.0209959568112717,0.0046580701345075,0.0347883659984061,2453222700.0,Baseline
South Lahontan,2026-02-01,2026,2,874020.427872792,0.0209959568112717,0.0046580701345075,0.0347883659984061,2584259000.0,Severe Drought
South Lahontan,2026-02-01,2026,2,874020.427872792,0.0209959568112717,0.0046580701345075,0.0347883659984061,2295543600.0,Wet Year
South Lahontan,2026-02-01,2026,2,879434.5638601708,0.0209959568112717,0.0046580701345075,0.0347883659984061,2576006100.0,Climate Change
South Lahontan,2026-02-01,2026,2,875830.3000894428,0.0238211429783042,0.0046810996233798,0.0396660333075209,2458051800.0,Urbanization
South Lahontan,2026-03-01,2026,3,874687.376771608,0.0209959568112717,0.0046580701345075,0.0347883659984061,2799243300.0,Baseline
South Lahontan,2026-03-01,2026,3,874687.376771608,0.0209959568112717,0.0046580701345075,0.0347883659984061,2929885700.0,Severe Drought
South Lahontan,2026-03-01,2026,3,874687.376771608,0.0209959568112717,0.0046580701345075,0.0347883659984061,2563277800.0,Wet Year
South Lahontan,2026-03-01,2026,3,881100.849645556,0.0209959568112717,0.0046580701345075,0.0347883659984061,2916098300.0,Climate Change
South Lahontan,2026-03-01,2026,3,876830.5070342871,0.0238211429783042,0.0046810996233798,0.0396660333075209,2819729400.0,Urbanization
South Lahontan,2026-04-01,2026,4,875426.3781481598,0.0209959568112717,0.0046580701345075,0.0347883659984061,3342481400.0,Baseline
South Lahontan,2026-04-01,2026,4,875426.3781481598,0.0209959568112717,0.0046580701345075,0.0347883659984061,3715652000.0,Severe Drought
South Lahontan,2026-04-01,2026,4,875426.3781481598,0.0209959568112717,0.0046580701345075,0.0347883659984061,3189144300.0,Wet Year
South Lahontan,2026-04-01,2026,4,882949.3489723741,0.0209959568112717,0.0046580701345075,0.0347883659984061,3714844200.0,Climate Change
South Lahontan,2026-04-01,2026,4,877939.2114411406,0.0238211429783042,0.0046810996233798,0.0396660333075209,3343960800.0,Urbanization
South Lahontan,2026-05-01,2026,5,876142.1352426206,0.0209959568112717,0.0046580701345075,0.0347883659984061,4226453200.0,Baseline
South Lahontan,2026-05-01,2026,5,876142.1352426206,0.0209959568112717,0.0046580701345075,0.0347883659984061,4436962300.0,Severe Drought
South Lahontan,2026-05-01,2026,5,876142.1352426206,0.0209959568112717,0.0046580701345075,0.0347883659984061,4222561300.0,Wet Year
South Lahontan,2026-05-01,2026,5,884741.9116218726,0.0209959568112717,0.0046580701345075,0.0347883659984061,4425797000.0,Climate Change
South Lahontan,2026-05-01,2026,5,879013.4859635888,0.0238211429783042,0.0046810996233798,0.0396660333075209,4238222800.0,Urbanization
South Lahontan,2026-06-01,2026,6,876882.3657080345,0.0209959568112717,0.0046580701345075,0.0347883659984061,4871191600.0,Baseline
South Lahontan,2026-06-01,2026,6,876882.3657080345,0.0209959568112717,0.0046580701345075,0.0347883659984061,5082977300.0,Severe Drought
South Lahontan,2026-06-01,2026,6,876882.3657080345,0.0209959568112717,0.0046580701345075,0.0347883659984061,4702043600.0,Wet Year
South Lahontan,2026-06-01,2026,6,886598.0496890402,0.0209959568112717,0.0046580701345075,0.0347883659984061,5076796000.0,Climate Change
South Lahontan,2026-06-01,2026,6,880124.9506283709,0.0236899604250267,0.0046703341109791,0.0396931435935672,4865573400.0,Urbanization
South Lahontan,2026-07-01,2026,7,877599.3132320407,0.0209959568112717,0.0046580701345075,0.0347883659984061,5505367600.0,Baseline
South Lahontan,2026-07-01,2026,7,877599.3132320407,0.0209959568112717,0.0046580701345075,0.0347883659984061,5615750700.0,Severe Drought
South Lahontan,2026-07-01,2026,7,877599.3132320407,0.0209959568112717,0.0046580701345075,0.0347883659984061,5361357300.0,Wet Year
South Lahontan,2026-07-01,2026,7,888398.0199261104,0.0209959568112717,0.0046580701345075,0.0347883659984061,5582494700.0,Climate Change
South Lahontan,2026-07-01,2026,7,881201.8996912553,0.0236899604250267,0.0046703341109791,0.0396931435935672,5500246000.0,Urbanization
South Lahontan,2026-08-01,2026,8,878340.774830507,0.0209959568112717,0.0046580701345075,0.0347883659984061,5602260000.0,Baseline
South Lahontan,2026-08-01,2026,8,878340.774830507,0.0209959568112717,0.0046580701345075,0.0347883659984061,5706808300.0,Severe Drought
South Lahontan,2026-08-01,2026,8,878340.774830507,0.0209959568112717,0.0046580701345075,0.0347883659984061,5143865300.0,Wet Year
South Lahontan,2026-08-01,2026,8,890261.8282999652,0.0209959568112717,0.0046580701345075,0.0347883659984061,5690710500.0,Climate Change
South Lahontan,2026-08-01,2026,8,882316.1314859722,0.0236899604250267,0.0046703341109791,0.0396931435935672,5603884500.0,Urbanization
South Lahontan,2026-09-01,2026,9,879082.8628712388,0.0209959568112717,0.0046580701345075,0.0347883659984061,4896472600.0,Baseline
South Lahontan,2026-09-01,2026,9,879082.8628712388,0.0209959568112717,0.0046580701345075,0.0347883659984061,5008824000.0,Severe Drought
South Lahontan,2026-09-01,2026,9,879082.8628712388,0.0209959568112717,0.0046580701345075,0.0347883659984061,4626815000.0,Wet Year
South Lahontan,2026-09-01,2026,9,892129.5468374817,0.0209959568112717,0.0046580701345075,0.0347883659984061,4995019000.0,Climate Change
South Lahontan,2026-09-01,2026,9,883431.7721660908,0.0236899604250267,0.0046703341109791,0.0396931435935672,4898929700.0,Urbanization
South Lahontan,2026-10-01,2026,10,879801.6095430607,0.0209959568112717,0.0046580701345075,0.0347883659984061,4100452600.0,Baseline
South Lahontan,2026-10-01,2026,10,879801.6095430607,0.0209959568112717,0.0046580701345075,0.0347883659984061,4321551000.0,Severe Drought
South Lahontan,2026-10-01,2026,10,879801.6095430607,0.0209959568112717,0.0046580701345075,0.0347883659984061,3997215500.0,Wet Year
South Lahontan,2026-10-01,2026,10,893940.7471130537,0.0209959568112717,0.0046580701345075,0.0347883659984061,4287568400.0,Climate Change
South Lahontan,2026-10-01,2026,10,884512.767561662,0.0235531251751631,0.0046180074362478,0.0397415374047656,4107286000.0,Urbanization
South Lahontan,2026-11-01,2026,11,880544.9318063183,0.0209959568112717,0.0046580701345075,0.0347883659984061,3366025000.0,Baseline
South Lahontan,2026-11-01,2026,11,880544.9318063183,0.0209959568112717,0.0046580701345075,0.0347883659984061,3537232400.0,Severe Drought
South Lahontan,2026-11-01,2026,11,880544.9318063183,0.0209959568112717,0.0046580701345075,0.0347883659984061,2936050400.0,Wet Year
South Lahontan,2026-11-01,2026,11,895816.1838124038,0.0209959568112717,0.0046580701345075,0.0347883659984061,3508186000.0,Climate Change
South Lahontan,2026-11-01,2026,11,885631.1857684266,0.0235531251751631,0.0046180074362478,0.0397415374047656,3373763800.0,Urbanization
South Lahontan,2026-12-01,2026,12,881264.8738798769,0.0209959568112717,0.0046580701345075,0.0347883659984061,2662506200.0,Baseline
South Lahontan,2026-12-01,2026,12,881264.8738798769,0.0209959568112717,0.0046580701345075,0.0347883659984061,2813723000.0,Severe Drought
South Lahontan,2026-12-01,2026,12,881264.8738798769,0.0209959568112717,0.0046580701345075,0.0347883659984061,2552247600.0,Wet Year
South Lahontan,2026-12-01,2026,12,897634.868693691,0.0209959568112717,0.0046580701345075,0.0347883659984061,2785847600.0,Climate Change
South Lahontan,2026-12-01,2026,12,886714.8724368861,0.0235531251751631,0.0046180074362478,0.0397415374047656,2684443100.0,Urbanization
Tulare Lake,2026-01-01,2026,1,1945801.3060641177,0.0685570155784535,0.318407988636479,0.1182679627402105,7238975000.0,Baseline
Tulare Lake,2026-01-01,2026,1,1945801.3060641177,0.0685570155784535,0.318407988636479,0.1182679627402105,7641624000.0,Severe Drought
Tulare Lake,2026-01-01,2026,1,1945801.3060641177,0.0685570155784535,0.318407988636479,0.1182679627402105,7093871000.0,Wet Year
Tulare Lake,2026-01-01,2026,1,1955406.41987428,0.0685570155784535,0.318407988636479,0.1182679627402105,7355511000.0,Climate Change
Tulare Lake,2026-01-01,2026,1,1949013.5031192647,0.0775523817451274,0.3334548111378075,0.1349892337170532,7158433000.0,Urbanization
Tulare Lake,2026-02-01,2026,2,1947445.2646736328,0.0685570155784535,0.318407988636479,0.1182679627402105,6973482000.0,Baseline
Tulare Lake,2026-02-01,2026,2,1947445.2646736328,0.0685570155784535,0.318407988636479,0.1182679627402105,7205583400.0,Severe Drought
Tulare Lake,2026-02-01,2026,2,1947445.2646736328,0.0685570155784535,0.318407988636479,0.1182679627402105,6819689500.0,Wet Year
Tulare Lake,2026-02-01,2026,2,1959508.751011797,0.0685570155784535,0.318407988636479,0.1182679627402105,7047317500.0,Climate Change
Tulare Lake,2026-02-01,2026,2,1951477.92451267,0.0775523817451274,0.3334548111378075,0.1349892337170532,6952988700.0,Urbanization
Tulare Lake,2026-03-01,2026,3,1948931.3243049155,0.0685570155784535,0.318407988636479,0.1182679627402105,8119585300.0,Baseline
Tulare Lake,2026-03-01,2026,3,1948931.3243049155,0.0685570155784535,0.318407988636479,0.1182679627402105,8427362300.0,Severe Drought
Tulare Lake,2026-03-01,2026,3,1948931.3243049155,0.0685570155784535,0.318407988636479,0.1182679627402105,7888798000.0,Wet Year
Tulare Lake,2026-03-01,2026,3,1963221.479294635,0.0685570155784535,0.318407988636479,0.1182679627402105,8151535600.0,Climate Change
Tulare Lake,2026-03-01,2026,3,1953706.5317812343,0.0775523817451274,0.3334548111378075,0.1349892337170532,8089056000.0,Urbanization
Tulare Lake,2026-04-01,2026,4,1950577.9273881589,0.0685570155784535,0.318407988636479,0.1182679627402105,10468476000.0,Baseline
Tulare Lake,2026-04-01,2026,4,1950577.9273881589,0.0685570155784535,0.318407988636479,0.1182679627402105,10920367000.0,Severe Drought
Tulare Lake,2026-04-01,2026,4,1950577.9273881589,0.0685570155784535,0.318407988636479,0.1182679627402105,9057879000.0,Wet Year
Tulare Lake,2026-04-01,2026,4,1967340.2059810648,0.0685570155784535,0.318407988636479,0.1182679627402105,10755677000.0,Climate Change
Tulare Lake,2026-04-01,2026,4,1956176.8872537084,0.0775523817451274,0.3334548111378075,0.1349892337170532,10338446000.0,Urbanization
Tulare Lake,2026-05-01,2026,5,1952172.7388133984,0.0685570155784535,0.318407988636479,0.1182679627402105,14397437000.0,Baseline
Tulare Lake,2026-05-01,2026,5,1952172.7388133984,0.0685570155784535,0.318407988636479,0.1182679627402105,14497991000.0,Severe Drought
Tulare Lake,2026-05-01,2026,5,1952172.7388133984,0.0685570155784535,0.318407988636479,0.1182679627402105,12875021000.0,Wet Year
Tulare Lake,2026-05-01,2026,5,1971334.2975744307,0.0685570155784535,0.318407988636479,0.1182679627402105,14551015000.0,Climate Change
Tulare Lake,2026-05-01,2026,5,1958570.5279112763,0.0775523817451274,0.3334548111378075,0.1349892337170532,14350856000.0,Urbanization
Tulare Lake,2026-06-01,2026,6,1953822.080486277,0.0685570155784535,0.318407988636479,0.1182679627402105,16009751000.0,Baseline
Tulare Lake,2026-06-01,2026,6,1953822.080486277,0.0685570155784535,0.318407988636479,0.1182679627402105,16108379000.0,Severe Drought
Tulare Lake,2026-06-01,2026,6,1953822.080486277,0.0685570155784535,0.318407988636479,0.1182679627402105,15070150000.0,Wet Year
Tulare Lake,2026-06-01,2026,6,1975470.044490877,0.0685570155784535,0.318407988636479,0.1182679627402105,16107396000.0,Climate Change
Tulare Lake,2026-06-01,2026,6,1961047.0336418687,0.0771285409581421,0.3343292620604622,0.1367643656980061,15943046000.0,Urbanization
Tulare Lake,2026-07-01,2026,7,1955419.544362543,0.0685570155784535,0.318407988636479,0.1182679627402105,17276826000.0,Baseline
Tulare Lake,2026-07-01,2026,7,1955419.544362543,0.0685570155784535,0.318407988636479,0.1182679627402105,17268853000.0,Severe Drought
Tulare Lake,2026-07-01,2026,7,1955419.544362543,0.0685570155784535,0.318407988636479,0.1182679627402105,16634398000.0,Wet Year
Tulare Lake,2026-07-01,2026,7,1979480.641272084,0.0685570155784535,0.318407988636479,0.1182679627402105,17206284000.0,Climate Change
Tulare Lake,2026-07-01,2026,7,1963446.6335664531,0.0771285409581421,0.3343292620604622,0.1367643656980061,17249233000.0,Urbanization
Tulare Lake,2026-08-01,2026,8,1957071.6291798104,0.0685570155784535,0.318407988636479,0.1182679627402105,17461717000.0,Baseline
Tulare Lake,2026-08-01,2026,8,1957071.6291798104,0.0685570155784535,0.318407988636479,0.1182679627402105,17524744000.0,Severe Drought
Tulare Lake,2026-08-01,2026,8,1957071.6291798104,0.0685570155784535,0.318407988636479,0.1182679627402105,16718721000.0,Wet Year
Tulare Lake,2026-08-01,2026,8,1983633.4787529616,0.0685570155784535,0.318407988636479,0.1182679627402105,17524310000.0,Climate Change
Tulare Lake,2026-08-01,2026,8,1965929.304866999,0.0771285409581421,0.3343292620604622,0.1367643656980061,17245450000.0,Urbanization
Tulare Lake,2026-09-01,2026,9,1958725.10980201,0.0685570155784535,0.318407988636479,0.1182679627402105,15476835000.0,Baseline
Tulare Lake,2026-09-01,2026,9,1958725.10980201,0.0685570155784535,0.318407988636479,0.1182679627402105,15637513000.0,Severe Drought
Tulare Lake,2026-09-01,2026,9,1958725.10980201,0.0685570155784535,0.318407988636479,0.1182679627402105,15420673000.0,Wet Year
Tulare Lake,2026-09-01,2026,9,1987795.0286500067,0.0685570155784535,0.318407988636479,0.1182679627402105,15589120000.0,Climate Change
Tulare Lake,2026-09-01,2026,9,1968415.1153701493,0.0771285409581421,0.3343292620604622,0.1367643656980061,15302945000.0,Urbanization
Tulare Lake,2026-10-01,2026,10,1960326.582442582,0.0685570155784535,0.318407988636479,0.1182679627402105,12982710000.0,Baseline
Tulare Lake,2026-10-01,2026,10,1960326.582442582,0.0685570155784535,0.318407988636479,0.1182679627402105,12843430000.0,Severe Drought
Tulare Lake,2026-10-01,2026,10,1960326.582442582,0.0685570155784535,0.318407988636479,0.1182679627402105,12851492000.0,Wet Year
Tulare Lake,2026-10-01,2026,10,1991830.6475984368,0.0685570155784535,0.318407988636479,0.1182679627402105,12826490000.0,Climate Change
Tulare Lake,2026-10-01,2026,10,1970823.731115393,0.0766612793457783,0.3351119590461365,0.1381980317746145,12734686000.0,Urbanization
Tulare Lake,2026-11-01,2026,11,1961982.8130929691,0.0685570155784535,0.318407988636479,0.1182679627402105,9093226000.0,Baseline
Tulare Lake,2026-11-01,2026,11,1961982.8130929691,0.0685570155784535,0.318407988636479,0.1182679627402105,10127563000.0,Severe Drought
Tulare Lake,2026-11-01,2026,11,1961982.8130929691,0.0685570155784535,0.318407988636479,0.1182679627402105,8688874000.0,Wet Year
Tulare Lake,2026-11-01,2026,11,1996009.3946881744,0.0685570155784535,0.318407988636479,0.1182679627402105,10087444000.0,Climate Change
Tulare Lake,2026-11-01,2026,11,1973315.7303538888,0.0766612793457783,0.3351119590461365,0.1381980317746145,8899405000.0,Urbanization
Tulare Lake,2026-12-01,2026,12,1963586.949263337,0.0685570155784535,0.318407988636479,0.1182679627402105,7559442000.0,Baseline
Tulare Lake,2026-12-01,2026,12,1963586.949263337,0.0685570155784535,0.318407988636479,0.1182679627402105,8405049300.0,Severe Drought
Tulare Lake,2026-12-01,2026,12,1963586.949263337,0.0685570155784535,0.318407988636479,0.1182679627402105,7325898000.0,Wet Year
Tulare Lake,2026-12-01,2026,12,2000061.6904321264,0.0685570155784535,0.318407988636479,0.1182679627402105,8260029000.0,Climate Change
Tulare Lake,2026-12-01,2026,12,1975730.3426484985,0.0766612793457783,0.3351119590461365,0.1381980317746145,7535832600.0,Urbanization
